{
    "name": "Dactyl-Manuform (4x5)",
    "vendorId": "0xFEED",
    "productId": "0x3060",
    "lighting": "none",
    "matrix": {
        "rows": 10,
        "cols": 5
    },
    "layouts": {
        "keymap": [
          [
            {
              "y": 1,
              "x": 3.75
            },
            "0,2",
            {
              "x": 7.25
            },
            "5,2"
          ],
          [
            {
              "y": -0.8700000000000001,
              "x": 2.75
            },
            "0,1",
            {
              "x": 1
            },
            "0,3",
            {
              "x": 5.25
            },
            "5,1",
            {
              "x": 1
            },
            "5,3"
          ],
          [
            {
              "y": -0.8799999999999999,
              "x": 5.75
            },
            "0,4",
            {
              "x": 3.25
            },
            "5,0"
          ],
          [
            {
              "y": -0.8700000000000001,
              "x": 1.75
            },
            "0,0",
            {
              "x": 11.25
            },
            "5,4"
          ],
          [
            {
              "y": -0.3799999999999999,
              "x": 3.75
            },
            "1,2",
            {
              "x": 7.25
            },
            "6,2"
          ],
          [
            {
              "y": -0.8700000000000001,
              "x": 2.75
            },
            "1,1",
            {
              "x": 1
            },
            "1,3",
            {
              "x": 5.25
            },
            "6,1",
            {
              "x": 1
            },
            "6,3"
          ],
          [
            {
              "y": -0.8799999999999999,
              "x": 5.75
            },
            "1,4",
            {
              "x": 3.25
            },
            "6,0"
          ],
          [
            {
              "y": -0.8700000000000001,
              "x": 1.75
            },
            "1,0",
            {
              "x": 11.25
            },
            "6,4"
          ],
          [
            {
              "y": -0.3799999999999999,
              "x": 3.75
            },
            "2,2",
            {
              "x": 7.25
            },
            "7,2"
          ],
          [
            {
              "y": -0.8700000000000001,
              "x": 2.75
            },
            "2,1",
            {
              "x": 1
            },
            "2,3",
            {
              "x": 5.25
            },
            "7,1",
            {
              "x": 1
            },
            "7,3"
          ],
          [
            {
              "y": -0.8799999999999999,
              "x": 5.75
            },
            "2,4",
            {
              "x": 3.25
            },
            "7,0"
          ],
          [
            {
              "y": -0.8700000000000001,
              "x": 1.75
            },
            "2,0",
            {
              "x": 11.25
            },
            "7,4"
          ],
          [
            {
              "y": -0.3799999999999999,
              "x": 3.75
            },
            "3,2",
            {
              "x": 7.25
            },
            "8,2"
          ],
          [
            {
              "y": -0.8700000000000001,
              "x": 2.75
            },
            "3,1",
            {
              "x": 9.25
            },
            "8,3"
          ],
          [
            {
              "r": 30,
              "rx": 6.5,
              "ry": 4.25,
              "y": 1.25,
              "x": 0.5499999999999998
            },
            "3,4"
          ],
          [
            {
              "y": -0.8499999999999996,
              "x": -0.5,
              "h": 1.25
            },
            "3,3"
          ],
          [
            {
              "r": 60,
              "y": -2.1500000000000004,
              "x": 2.5
            },
            "4,4"
          ],
          [
            {
              "r": 70,
              "y": -1.1500000000000004,
              "x": 3.75
            },
            "4,2"
          ],
          [
            {
              "r": 75,
              "y": -0.34999999999999964,
              "x": 2.6999999999999993
            },
            "4,3"
          ],
          [
            {
              "y": -0.9500000000000002,
              "x": 3.75
            },
            "4,1"
          ],
          [
            {
              "r": -75,
              "rx": 10.5,
              "y": 0.5,
              "x": -3.7
            },
            "9,1"
          ],
          [
            {
              "y": -0.9500000000000002,
              "x": -4.75
            },
            "9,3"
          ],
          [
            {
              "r": -70,
              "y": -1.7000000000000002,
              "x": -4.85
            },
            "9,2"
          ],
          [
            {
              "r": -60,
              "y": -0.8499999999999996,
              "x": -3.6500000000000004
            },
            "9,0"
          ],
          [
            {
              "r": -30,
              "y": 0.09999999999999964,
              "x": -1.8000000000000007
            },
            "8,0"
          ],
          [
            {
              "y": -0.8499999999999996,
              "x": -0.75,
              "h": 1.25
            },
            "8,1"
          ]
        ]
    }
}