{
    "name": "Dactyl-Manuform (6x6)",
    "vendorId": "0xFEED",
    "productId": "0x3060",
    "lighting": "none",
    "matrix": {
        "rows": 14,
        "cols": 6
    },
    "layouts": {
        "labels": [
            "LAYOUT_6x6"
        ],
        "keymap": [
            [
              {
                "y": 0.13,
                "x": 2.75
              },
              "0,2",
              "0,3",
              "0,4",
              {
                "x": 5.25
              },
              "7,1",
              "7,2",
              "7,3"
            ],
            [
              {
                "y": -0.8799999999999999,
                "x": 5.75
              },
              "0,5",
              {
                "x": 3.25
              },
              "7,0"
            ],
            [
              {
                "y": -0.87,
                "x": 0.75
              },
              "0,0",
              "0,1",
              {
                "x": 11.25
              },
              "7,4",
              "7,5"
            ],
            [
              {
                "y": -0.3799999999999999,
                "x": 3.75
              },
              "1,3",
              {
                "x": 7.25
              },
              "8,2"
            ],
            [
              {
                "y": -0.8700000000000001,
                "x": 2.75
              },
              "1,2",
              {
                "x": 1
              },
              "1,4",
              {
                "x": 5.25
              },
              "8,1",
              {
                "x": 1
              },
              "8,3"
            ],
            [
              {
                "y": -0.8799999999999999,
                "x": 5.75
              },
              "1,5",
              {
                "x": 3.25
              },
              "8,0"
            ],
            [
              {
                "y": -0.8700000000000001,
                "x": 0.75
              },
              "1,0",
              "1,1",
              {
                "x": 11.25
              },
              "8,4",
              "8,5"
            ],
            [
              {
                "y": -0.3799999999999999,
                "x": 3.75
              },
              "2,3",
              {
                "x": 7.25
              },
              "9,2"
            ],
            [
              {
                "y": -0.8700000000000001,
                "x": 2.75
              },
              "2,2",
              {
                "x": 1
              },
              "2,4",
              {
                "x": 5.25
              },
              "9,1",
              {
                "x": 1
              },
              "9,3"
            ],
            [
              {
                "y": -0.8799999999999999,
                "x": 5.75
              },
              "2,5",
              {
                "x": 3.25
              },
              "9,0"
            ],
            [
              {
                "y": -0.8700000000000001,
                "x": 0.75
              },
              "2,0",
              "2,1",
              {
                "x": 11.25
              },
              "9,4",
              "9,5"
            ],
            [
              {
                "y": -0.3799999999999999,
                "x": 3.75
              },
              "3,3",
              {
                "x": 7.25
              },
              "10,2"
            ],
            [
              {
                "y": -0.8700000000000001,
                "x": 2.75
              },
              "3,2",
              {
                "x": 1
              },
              "3,4",
              {
                "x": 5.25
              },
              "10,1",
              {
                "x": 1
              },
              "10,3"
            ],
            [
              {
                "y": -0.8799999999999999,
                "x": 5.75
              },
              "3,5",
              {
                "x": 3.25
              },
              "10,0"
            ],
            [
              {
                "y": -0.8700000000000001,
                "x": 0.75
              },
              "3,0",
              "3,1",
              {
                "x": 11.25
              },
              "10,4",
              "10,5"
            ],
            [
              {
                "y": -0.3799999999999999,
                "x": 3.75
              },
              "4,3",
              {
                "x": 7.25
              },
              "11,2"
            ],
            [
              {
                "y": -0.8700000000000001,
                "x": 2.75
              },
              "4,2",
              {
                "x": 1
              },
              "4,4",
              {
                "x": 5.25
              },
              "11,1",
              {
                "x": 1
              },
              "11,3"
            ],
            [
              {
                "y": -0.8799999999999999,
                "x": 5.75
              },
              "4,5",
              {
                "x": 3.25
              },
              "11,0"
            ],
            [
              {
                "y": -0.8700000000000001,
                "x": 0.75
              },
              "4,0",
              "4,1",
              {
                "x": 11.25
              },
              "11,4",
              "11,5"
            ],
            [
              {
                "y": -0.3799999999999999,
                "x": 3.75
              },
              "5,3",
              {
                "x": 7.25
              },
              "12,2"
            ],
            [
              {
                "y": -0.8700000000000001,
                "x": 2.75
              },
              "5,2",
              {
                "x": 9.25
              },
              "12,3"
            ],
            [
              {
                "r": 30,
                "rx": 6.5,
                "ry": 4.25,
                "y": 1.25,
                "x": 0.5499999999999998
              },
              "5,5"
            ],
            [
              {
                "y": -0.8499999999999996,
                "x": -0.5,
                "h": 1.25
              },
              "5,4"
            ],
            [
              {
                "r": 60,
                "y": -2.1500000000000004,
                "x": 2.5
              },
              "6,5"
            ],
            [
              {
                "r": 70,
                "y": -1.1500000000000004,
                "x": 3.75
              },
              "6,3"
            ],
            [
              {
                "r": 75,
                "y": -0.34999999999999964,
                "x": 2.6999999999999993
              },
              "6,4"
            ],
            [
              {
                "y": -0.9500000000000002,
                "x": 3.75
              },
              "6,2"
            ],
            [
              {
                "r": -75,
                "rx": 10.5,
                "y": 0.5,
                "x": -3.7
              },
              "13,1"
            ],
            [
              {
                "y": -0.9500000000000002,
                "x": -4.75
              },
              "13,3"
            ],
            [
              {
                "r": -70,
                "y": -1.7000000000000002,
                "x": -4.85
              },
              "13,2"
            ],
            [
              {
                "r": -60,
                "y": -0.8499999999999996,
                "x": -3.6500000000000004
              },
              "13,0"
            ],
            [
              {
                "r": -30,
                "y": 0.09999999999999964,
                "x": -1.8000000000000007
              },